{
    "name": "root",
    "metadata": {
        "timer_format_version": "0.1.0",
        "start_time_seconds": "1681880381",
        "python_version": "3.9.13 (tags/v3.9.13:6de2ca5, May 17 2022, 16:36:42) [MSC v.1929 64 bit (AMD64)]",
        "command_line_arguments": "D:\\Repositories\\ML-Agents\\ML-Agents\\venv\\Scripts\\mlagents-learn",
        "mlagents_version": "0.30.0",
        "mlagents_envs_version": "0.30.0",
        "communication_protocol_version": "1.5.0",
        "pytorch_version": "2.0.0+cpu",
        "numpy_version": "1.21.2",
        "end_time_seconds": "1681880505"
    },
    "total": 123.47565519999999,
    "count": 1,
    "self": 0.015186599999978512,
    "children": {
        "run_training.setup": {
            "total": 0.06701580000000007,
            "count": 1,
            "self": 0.06701580000000007
        },
        "TrainerController.start_learning": {
            "total": 123.3934528,
            "count": 1,
            "self": 0.11210699999968199,
            "children": {
                "TrainerController._reset_env": {
                    "total": 32.5873056,
                    "count": 1,
                    "self": 32.5873056
                },
                "TrainerController.advance": {
                    "total": 90.65098480000032,
                    "count": 7301,
                    "self": 0.08798050000032731,
                    "children": {
                        "env_step": {
                            "total": 90.11746129999992,
                            "count": 7301,
                            "self": 85.09670919999985,
                            "children": {
                                "SubprocessEnvManager._take_step": {
                                    "total": 4.960129099999968,
                                    "count": 7301,
                                    "self": 0.24469129999968686,
                                    "children": {
                                        "TorchPolicy.evaluate": {
                                            "total": 4.715437800000281,
                                            "count": 7301,
                                            "self": 4.715437800000281
                                        }
                                    }
                                },
                                "workers": {
                                    "total": 0.06062300000009202,
                                    "count": 7300,
                                    "self": 0.0,
                                    "children": {
                                        "worker_root": {
                                            "total": 28.975368300000376,
                                            "count": 7300,
                                            "is_parallel": true,
                                            "self": 9.970388000000042,
                                            "children": {
                                                "steps_from_proto": {
                                                    "total": 0.05749800000000249,
                                                    "count": 1,
                                                    "is_parallel": true,
                                                    "self": 0.0048914999999993825,
                                                    "children": {
                                                        "_process_rank_one_or_two_observation": {
                                                            "total": 0.05260650000000311,
                                                            "count": 2,
                                                            "is_parallel": true,
                                                            "self": 0.05260650000000311
                                                        }
                                                    }
                                                },
                                                "UnityEnvironment.step": {
                                                    "total": 18.94748230000033,
                                                    "count": 7300,
                                                    "is_parallel": true,
                                                    "self": 0.3500934000007163,
                                                    "children": {
                                                        "UnityEnvironment._generate_step_input": {
                                                            "total": 0.2817635999992305,
                                                            "count": 7300,
                                                            "is_parallel": true,
                                                            "self": 0.2817635999992305
                                                        },
                                                        "communicator.exchange": {
                                                            "total": 17.153146400000168,
                                                            "count": 7300,
                                                            "is_parallel": true,
                                                            "self": 17.153146400000168
                                                        },
                                                        "steps_from_proto": {
                                                            "total": 1.1624789000002167,
                                                            "count": 7300,
                                                            "is_parallel": true,
                                                            "self": 0.6973415000001069,
                                                            "children": {
                                                                "_process_rank_one_or_two_observation": {
                                                                    "total": 0.46513740000010984,
                                                                    "count": 14600,
                                                                    "is_parallel": true,
                                                                    "self": 0.46513740000010984
                                                                }
                                                            }
                                                        }
                                                    }
                                                }
                                            }
                                        }
                                    }
                                }
                            }
                        },
                        "trainer_advance": {
                            "total": 0.44554300000007174,
                            "count": 7300,
                            "self": 0.11970630000013927,
                            "children": {
                                "process_trajectory": {
                                    "total": 0.3258366999999325,
                                    "count": 7300,
                                    "self": 0.3258366999999325
                                }
                            }
                        }
                    }
                },
                "TrainerController._save_models": {
                    "total": 0.04305540000000008,
                    "count": 1,
                    "self": 2.759999999568663e-05,
                    "children": {
                        "RLTrainer._checkpoint": {
                            "total": 0.04302780000000439,
                            "count": 1,